﻿<?xml version="1.0" encoding="utf-8" ?> 

<ItemList>
<Item> 
   <Font>Arial</Font>
   <Color>1,1,1</Color>
  <BackColor>0,0,0</BackColor>
<Modality>CT</Modality>
  <Height>-16</Height>
<TopLeft>
  <String a1="00100010">
     姓名:%s 
 </String>
 <String a1="00100040">
     性别:%s 
 </String>
<String a1="00100020">
     放射号:%s 
 </String>
<String a1="00200013">
    Instance Number:%s 
 </String>
<String a1="00200011">
    Series Number:%s 
 </String>
<String a1="00080020" a2="00080030">
    检查时间:%s %s 
 </String>
 </TopLeft>


<TopRight>
   <String a1="00100010">
     姓名:%s 
 </String>
 <String a1="00100040">
     性别:%s 
 </String>
<String a1="00100020">
     放射号:%s 
 </String>
<String a1="00200013">
    Instance Number:%s 
 </String>
<String a1="00200011">
    Series Number:%s 
 </String>
<String a1="00080020" a2="00080030">
    检查时间:%s %s 
 </String>

</TopRight>

<BottomLeft>
   <String a1="00100010">
     姓名:%s 
 </String>
 <String a1="00100040">
     性别:%s 
 </String>
<String a1="00100020">
     放射号:%s 
 </String>
<String a1="00200013">
    Instance Number:%s 
 </String>
<String a1="00200011">
    Series Number:%s 
 </String>
<String a1="00281050" a2="00281051">
    WL:%s %s 
 </String>
  
</BottomLeft>
<BottomRight>
  </BottomRight>
</Item>

<Item> 
   <Font>Arial</Font>
   <Color>1,1,1</Color>
  <BackColor>0,0,0</BackColor>
<Modality>DX</Modality>
  <Height>-16</Height>
<TopLeft>
  <String a1="00100010">
     姓名:%s 
 </String>
 <String a1="00100040">
     性别:%s 
 </String>
<String a1="00100020">
     放射号:%s 
 </String>
<String a1="00200013">
    Instance Number:%s 
 </String>
<String a1="00200011">
    Series Number:%s 
 </String>
<String a1="00080020" a2="00080030">
    检查时间:%s %s 
 </String>
 </TopLeft>


<TopRight>
   <String a1="00100010">
     姓名:%s 
 </String>
 <String a1="00100040">
     性别:%s 
 </String>
<String a1="00100020">
     放射号:%s 
 </String>
<String a1="00200013">
    Instance Number:%s 
 </String>
<String a1="00200011">
    Series Number:%s 
 </String>
<String a1="00080020" a2="00080030">
    检查时间:%s %s 
 </String>

</TopRight>

<BottomLeft>
   <String a1="00100010">
     姓名:%s 
 </String>
 <String a1="00100040">
     性别:%s 
 </String>
<String a1="00100020">
     放射号:%s 
 </String>
<String a1="00200013">
    Instance Number:%s 
 </String>
<String a1="00200011">
    Series Number:%s 
 </String>
<String a1="00281050" a2="00281051">
    WL:%s %s 
 </String>
  
</BottomLeft>
<BottomRight>
  </BottomRight>
</Item>
 

  </ItemList>